날짜,거래량
2020.09.29,244337
2020.09.28,349886
2020.09.25,330340
2020.09.24,467569
2020.09.23,592482
2020.09.22,785215
2020.09.21,523862
2020.09.18,428497
2020.09.17,585663
2020.09.16,1086096
2020.09.15,1116311
2020.09.14,990314
2020.09.11,1330831
2020.09.10,985315
2020.09.09,1909466
2020.09.08,1499532
2020.09.07,3006663
2020.09.04,5522177
2020.09.03,2158052
2020.09.02,764416
2020.09.01,817567
2020.08.31,1615506
2020.08.28,423773
2020.08.27,464549
2020.08.26,616336
2020.08.25,724885
2020.08.24,328660
2020.08.21,348306
2020.08.20,707860
2020.08.19,419973
2020.08.18,1516708
2020.08.14,834234
2020.08.13,914835
2020.08.12,616485
2020.08.11,448605
2020.08.10,563337
2020.08.07,332300
2020.08.06,332641
2020.08.05,316959
2020.08.04,438594
2020.08.03,443803
2020.07.31,830571
2020.07.30,2382653
2020.07.29,4687631
2020.07.28,459708
2020.07.27,437617
2020.07.24,228270
2020.07.23,301127
2020.07.22,307030
2020.07.21,358516
2020.07.20,211473
2020.07.17,190594
2020.07.16,298162
2020.07.15,578599
2020.07.14,298066
2020.07.13,387262
2020.07.10,373338
2020.07.09,704499
2020.07.08,223315
2020.07.07,379246
2020.07.06,330748
2020.07.03,212680
2020.07.02,213537
2020.07.01,486887
2020.06.30,489803
2020.06.29,524561
2020.06.26,389260
2020.06.25,583629
2020.06.24,553120
2020.06.23,784996
2020.06.22,439436
2020.06.19,770539
2020.06.18,757107
2020.06.17,1959016
2020.06.16,1372469
2020.06.15,1457992
2020.06.12,1583488
2020.06.11,2786127
2020.06.10,4514868
2020.06.09,10872062
2020.06.08,2427303
2020.06.05,220938
2020.06.04,293309
2020.06.03,465623
2020.06.02,196383
2020.06.01,203734
2020.05.29,511626
2020.05.28,281378
2020.05.27,457875
2020.05.26,367562
2020.05.25,141503
2020.05.22,264076
2020.05.21,237038
2020.05.20,152981
2020.05.19,290227
2020.05.18,253983
2020.05.15,178106
2020.05.14,332175
2020.05.13,212007
2020.05.12,282593
2020.05.11,288300
2020.05.08,204181
2020.05.07,169720
2020.05.06,321757
2020.05.04,401661
2020.04.29,576971
2020.04.28,536932
2020.04.27,394953
2020.04.24,504667
2020.04.23,627108
2020.04.22,412910
2020.04.21,1903526
2020.04.20,301445
2020.04.17,235854
2020.04.16,254556
2020.04.14,286840
2020.04.13,349377
2020.04.10,236750
2020.04.09,372887
2020.04.08,327586
2020.04.07,496428
2020.04.06,436951
2020.04.03,330376
2020.04.02,352700
2020.04.01,531731
2020.03.31,581074
2020.03.30,377356
2020.03.27,791704
2020.03.26,753997
2020.03.25,774346
2020.03.24,663746
2020.03.23,726395
2020.03.20,918027
2020.03.19,736924
2020.03.18,427518
2020.03.17,378236
2020.03.16,372326
2020.03.13,599635
2020.03.12,591724
2020.03.11,314138
2020.03.10,242926
2020.03.09,333952
2020.03.06,192155
2020.03.05,221428
2020.03.04,203203
2020.03.03,227483
2020.03.02,298224
2020.02.28,483832
2020.02.27,191081
2020.02.26,337943
2020.02.25,216629
2020.02.24,285066
2020.02.21,238132
2020.02.20,174548
2020.02.19,151502
2020.02.18,126530
2020.02.17,98837
2020.02.14,130426
2020.02.13,162610
2020.02.12,148744
2020.02.11,143895
2020.02.10,109767
2020.02.07,134604
2020.02.06,190156
2020.02.05,214047
2020.02.04,184021
2020.02.03,223466
2020.01.31,253791
2020.01.30,176490
2020.01.29,159433
2020.01.28,263117
2020.01.23,187937
2020.01.22,105872
2020.01.21,126535
2020.01.20,117239
2020.01.17,148091
2020.01.16,129315
2020.01.15,165996
2020.01.14,216356
2020.01.13,195661
2020.01.10,212803
2020.01.09,433072
2020.01.08,445810
2020.01.07,124948
2020.01.06,221121
2020.01.03,139980
2020.01.02,159418
2019.12.30,82484
2019.12.27,144254
2019.12.26,157121
2019.12.24,100578
2019.12.23,102310
2019.12.20,128776
2019.12.19,92758
2019.12.18,159690
2019.12.17,143263
2019.12.16,111497
2019.12.13,212680
2019.12.12,261495
2019.12.11,119906
2019.12.10,121108
2019.12.09,112457
2019.12.06,72330
2019.12.05,89702
2019.12.04,168425
2019.12.03,80355
2019.12.02,72140
2019.11.29,153322
2019.11.28,68218
2019.11.27,105209
2019.11.26,211327
2019.11.25,101702
2019.11.22,142772
2019.11.21,125951
2019.11.20,193833
2019.11.19,136780
2019.11.18,120311
2019.11.15,407314
2019.11.14,225596
2019.11.13,226865
2019.11.12,129113
2019.11.11,87966
2019.11.08,123112
2019.11.07,107275
2019.11.06,134563
2019.11.05,140327
2019.11.04,142213
2019.11.01,71672
2019.10.31,147803
2019.10.30,88558
2019.10.29,125883
2019.10.28,111128
2019.10.25,102889
2019.10.24,127567
2019.10.23,156637
2019.10.22,147571
2019.10.21,70932
2019.10.18,115217
2019.10.17,101612
2019.10.16,103786
2019.10.15,135358
2019.10.14,181027
2019.10.11,120118
2019.10.10,287358
2019.10.08,133614
2019.10.07,80773
2019.10.04,125344
2019.10.02,162987
2019.10.01,83777
2019.09.30,147177
2019.09.27,100048
2019.09.26,148445
2019.09.25,179521
2019.09.24,142583
2019.09.23,100601
2019.09.20,135804
2019.09.19,147543
2019.09.18,124170
2019.09.17,150632
2019.09.16,174382
2019.09.11,246831
2019.09.10,214914
2019.09.09,153800
2019.09.06,152309
2019.09.05,197888
2019.09.04,278018
2019.09.03,111061
2019.09.02,90302
2019.08.30,190400
2019.08.29,255658
2019.08.28,185150
2019.08.27,314182
2019.08.26,196763
2019.08.23,178718
2019.08.22,235292
2019.08.21,235744
2019.08.20,210414
2019.08.19,242186
2019.08.16,304229
2019.08.14,180521
2019.08.13,235465
2019.08.12,151288
2019.08.09,180591
2019.08.08,239861
2019.08.07,316520
2019.08.06,288227
2019.08.05,363520
2019.08.02,213755
2019.08.01,113894
2019.07.31,281867
2019.07.30,119926
2019.07.29,263883
2019.07.26,433016
2019.07.25,306743
2019.07.24,117257
2019.07.23,120045
2019.07.22,120470
2019.07.19,179149
2019.07.18,180170
2019.07.17,162164
2019.07.16,215107
2019.07.15,74201
2019.07.12,96912
2019.07.11,233478
2019.07.10,137973
2019.07.09,153997
2019.07.08,136408
2019.07.05,161023
2019.07.04,124451
2019.07.03,166650
2019.07.02,129534
2019.07.01,106087
2019.06.28,76369
2019.06.27,126522
2019.06.26,107958
2019.06.25,229125
2019.06.24,126109
2019.06.21,250403
2019.06.20,113485
2019.06.19,178210
2019.06.18,166994
2019.06.17,154214
2019.06.14,264126
2019.06.13,427740
2019.06.12,146360
2019.06.11,177067
2019.06.10,87982
2019.06.07,199521
2019.06.05,135298
2019.06.04,192292
2019.06.03,192009
2019.05.31,199799
2019.05.30,220567
2019.05.29,196087
2019.05.28,314967
2019.05.27,148651
2019.05.24,179773
2019.05.23,238209
2019.05.22,173611
2019.05.21,201057
2019.05.20,171888
2019.05.17,326019
2019.05.16,283253
2019.05.15,186563
2019.05.14,157790
2019.05.13,217820
2019.05.10,171176
2019.05.09,272105
2019.05.08,293786
2019.05.07,256891
2019.05.03,175741
2019.05.02,415571
2019.04.30,341511
2019.04.29,112467
2019.04.26,137611
2019.04.25,153394
2019.04.24,334409
2019.04.23,207108
2019.04.22,606366
2019.04.19,135396
2019.04.18,207025
2019.04.17,160614
2019.04.16,317663
2019.04.15,460881
2019.04.12,81480
2019.04.11,196948
2019.04.10,121778
2019.04.09,122436
2019.04.08,101844
2019.04.05,60334
2019.04.04,139343
2019.04.03,178278
2019.04.02,196503
2019.04.01,89623
2019.03.29,161574
2019.03.28,114472
2019.03.27,89315
2019.03.26,115011
2019.03.25,107979
2019.03.22,114437
2019.03.21,227563
2019.03.20,149934
2019.03.19,110602
2019.03.18,101381
2019.03.15,260415
2019.03.14,195493
2019.03.13,102356
2019.03.12,89614
2019.03.11,112681
2019.03.08,189990
2019.03.07,199487
2019.03.06,118392
2019.03.05,180319
2019.03.04,269503
2019.02.28,308114
2019.02.27,273761
2019.02.26,170201
2019.02.25,142074
2019.02.22,95345
2019.02.21,160054
2019.02.20,179330
2019.02.19,110017
2019.02.18,118965
2019.02.15,189053
2019.02.14,236362
2019.02.13,222326
2019.02.12,176156
2019.02.11,83128
2019.02.08,157408
2019.02.07,132633
2019.02.01,231415
2019.01.31,312430
2019.01.30,141859
2019.01.29,128922
2019.01.28,219833
2019.01.25,206787
2019.01.24,266026
2019.01.23,330599
2019.01.22,117885
2019.01.21,168067
2019.01.18,173875
2019.01.17,494902
2019.01.16,185780
2019.01.15,290859
2019.01.14,243758
2019.01.11,178115
2019.01.10,211560
2019.01.09,151559
2019.01.08,132034
2019.01.07,175355
2019.01.04,148487
2019.01.03,189257
2019.01.02,118196
2018.12.28,139309
2018.12.27,167357
2018.12.26,132277
2018.12.24,122303
2018.12.21,246397
2018.12.20,339690
2018.12.19,259678
2018.12.18,265938
2018.12.17,149296
2018.12.14,182624
2018.12.13,379774
2018.12.12,168036
2018.12.11,90062
2018.12.10,103918
2018.12.07,134778
2018.12.06,206858
2018.12.05,149132
2018.12.04,166354
2018.12.03,185700
2018.11.30,162826
2018.11.29,181445
2018.11.28,168435
2018.11.27,101528
2018.11.26,136855
2018.11.23,95873
2018.11.22,97060
2018.11.21,124784
2018.11.20,104323
2018.11.19,151812
2018.11.16,162390
2018.11.15,262641
2018.11.14,198994
2018.11.13,176018
2018.11.12,85594
2018.11.09,94848
2018.11.08,323679
2018.11.07,205850
2018.11.06,98413
2018.11.05,133456
2018.11.02,249048
2018.11.01,186248
2018.10.31,216953
2018.10.30,291638
2018.10.29,275310
2018.10.26,367097
2018.10.25,217330
2018.10.24,155643
2018.10.23,223298
2018.10.22,197886
2018.10.19,299614
2018.10.18,156857
2018.10.17,204952
2018.10.16,201796
2018.10.15,254717
2018.10.12,408289
2018.10.11,590394
2018.10.10,259063
2018.10.08,227413
2018.10.05,193588
2018.10.04,294153
2018.10.02,379051
2018.10.01,186598
2018.09.28,200272
2018.09.27,537797
2018.09.21,211618
2018.09.20,247610
2018.09.19,160730
2018.09.18,150708
2018.09.17,158799
2018.09.14,385130
2018.09.13,231262
2018.09.12,237308
2018.09.11,149433
2018.09.10,154583
2018.09.07,183590
2018.09.06,146886
2018.09.05,175496
2018.09.04,149552
2018.09.03,129386
2018.08.31,172829
2018.08.30,181819
2018.08.29,296514
2018.08.28,163047
2018.08.27,207012
2018.08.24,199093
2018.08.23,623291
2018.08.22,192440
2018.08.21,153050
2018.08.20,268809
2018.08.17,211421
2018.08.16,464174
2018.08.14,148391
2018.08.13,260190
2018.08.10,235552
2018.08.09,294946
2018.08.08,194906
2018.08.07,348804
2018.08.06,253436
2018.08.03,1024617
2018.08.02,346202
2018.08.01,114637
2018.07.31,237121
2018.07.30,159589
2018.07.27,165925
2018.07.26,215360
2018.07.25,234177
2018.07.24,201713
2018.07.23,484734
2018.07.20,544253
2018.07.19,355485
2018.07.18,387456
2018.07.17,270147
2018.07.16,211001
2018.07.13,278846
2018.07.12,316902
2018.07.11,153639
2018.07.10,192719
2018.07.09,151621
2018.07.06,249996
2018.07.05,278045
2018.07.04,151289
2018.07.03,184733
2018.07.02,320984
2018.06.29,309784
2018.06.28,236282
2018.06.27,389399
2018.06.26,250726
2018.06.25,360720
2018.06.22,525889
2018.06.21,642528
2018.06.20,269828
2018.06.19,348873
2018.06.18,435006
2018.06.15,548597
2018.06.14,516095
2018.06.12,321133
2018.06.11,180520
2018.06.08,314940
2018.06.07,393979
2018.06.05,214331
2018.06.04,200538
2018.06.01,214493
2018.05.31,656603
2018.05.30,347836
2018.05.29,406747
2018.05.28,234308
2018.05.25,332060
2018.05.24,512740
2018.05.23,659351
2018.05.21,356821
2018.05.18,168083
2018.05.17,467664
2018.05.16,536064
2018.05.15,343179
2018.05.14,696147
2018.05.11,539986
2018.05.10,335975
2018.05.09,249077
2018.05.08,283609
2018.05.04,250645
2018.05.03,160008
2018.05.02,481022
2018.04.30,301187
2018.04.27,224354
2018.04.26,160817
2018.04.25,193147
2018.04.24,241832
2018.04.23,281511
2018.04.20,449700
2018.04.19,387575
2018.04.18,326116
2018.04.17,205032
2018.04.16,206598
2018.04.13,192949
2018.04.12,435362
2018.04.11,256776
2018.04.10,266823
2018.04.09,200895
2018.04.06,212790
2018.04.05,229060
2018.04.04,342937
2018.04.03,310331
2018.04.02,251850
2018.03.30,197801
2018.03.29,321782
2018.03.28,327875
2018.03.27,379520
2018.03.26,305737
2018.03.23,279735
2018.03.22,304230
2018.03.21,701779
2018.03.20,234587
2018.03.19,188076
2018.03.16,172779
2018.03.15,193711
2018.03.14,289324
2018.03.13,290175
2018.03.12,250611
2018.03.09,298126
2018.03.08,285108
2018.03.07,305820
2018.03.06,301848
2018.03.05,226581
2018.03.02,366895
2018.02.28,268832
2018.02.27,485399
2018.02.26,262779
2018.02.23,168708
2018.02.22,111676
2018.02.21,98428
2018.02.20,119398
2018.02.19,299924
2018.02.14,298794
2018.02.13,313954
2018.02.12,227383
2018.02.09,205863
2018.02.08,268602
2018.02.07,231904
2018.02.06,357380
2018.02.05,157309
2018.02.02,164227
2018.02.01,224203
2018.01.31,319763
2018.01.30,249512
2018.01.29,298648
2018.01.26,195282
2018.01.25,219407
2018.01.24,219891
2018.01.23,339103
2018.01.22,233783
2018.01.19,264504
2018.01.18,232619
2018.01.17,207340
2018.01.16,207134
2018.01.15,223974
2018.01.12,332236
2018.01.11,348044
2018.01.10,251898
2018.01.09,414873
2018.01.08,279136
2018.01.05,1016729
2018.01.04,328903
2018.01.03,227775
2018.01.02,319909
2017.12.28,162392
2017.12.27,198722
2017.12.26,182198
2017.12.22,179043
2017.12.21,230578
2017.12.20,177777
2017.12.19,269406
2017.12.18,208847
2017.12.15,571259
2017.12.14,423978
2017.12.13,479003
2017.12.12,205235
2017.12.11,141360
2017.12.08,232177
2017.12.07,187880
2017.12.06,158043
2017.12.05,185592
2017.12.04,160308
2017.12.01,270545
2017.11.30,285858
2017.11.29,206030
2017.11.28,228383
2017.11.27,204275
2017.11.24,134155
2017.11.23,156021
2017.11.22,161638
2017.11.21,275354
2017.11.20,210232
2017.11.17,255319
2017.11.16,269906
2017.11.15,333786
2017.11.14,327931
2017.11.13,569475
2017.11.10,159514
2017.11.09,223893
2017.11.08,307875
2017.11.07,155980
2017.11.06,161624
2017.11.03,118700
2017.11.02,322801
2017.11.01,270501
2017.10.31,329160
2017.10.30,303196
2017.10.27,183792
2017.10.26,266007
2017.10.25,372266
2017.10.24,188155
2017.10.23,399666
2017.10.20,216353
2017.10.19,295178
2017.10.18,187516
2017.10.17,167250
2017.10.16,196504
2017.10.13,137752
2017.10.12,197872
2017.10.11,265038
2017.10.10,357878
2017.09.29,164580
2017.09.28,178383
2017.09.27,219741
2017.09.26,254276
2017.09.25,544021
2017.09.22,238765
2017.09.21,163464
2017.09.20,264478
2017.09.19,302944
2017.09.18,176418
2017.09.15,295682
2017.09.14,294830
2017.09.13,223842
2017.09.12,235456
2017.09.11,156234
2017.09.08,130815
2017.09.07,186284
2017.09.06,244808
2017.09.05,314453
2017.09.04,187675
2017.09.01,214948
2017.08.31,312393
2017.08.30,246490
2017.08.29,169472
2017.08.28,264779
2017.08.25,749687
2017.08.24,173467
2017.08.23,141036
2017.08.22,324679
2017.08.21,241418
2017.08.18,177128
2017.08.17,163654
2017.08.16,285105
2017.08.14,437881
2017.08.11,409033
2017.08.10,307344
2017.08.09,200589
2017.08.08,263112
2017.08.07,218801
2017.08.04,116886
2017.08.03,289586
2017.08.02,251730
2017.08.01,312214
2017.07.31,179061
2017.07.28,177808
2017.07.27,175431
2017.07.26,186384
2017.07.25,216447
2017.07.24,149985
2017.07.21,200758
2017.07.20,285843
2017.07.19,304334
2017.07.18,413228
2017.07.17,428771
2017.07.14,550135
2017.07.13,269309
2017.07.12,432423
2017.07.11,367977
2017.07.10,344556
2017.07.07,167906
2017.07.06,187287
2017.07.05,158406
2017.07.04,230171
2017.07.03,246554
2017.06.30,216932
2017.06.29,219112
2017.06.28,343760
2017.06.27,301770
2017.06.26,149528
2017.06.23,144410
2017.06.22,237327
2017.06.21,198492
2017.06.20,289526
2017.06.19,368920
2017.06.16,193387
2017.06.15,415147
2017.06.14,182790
2017.06.13,201739
2017.06.12,286317
2017.06.09,281023
2017.06.08,432234
2017.06.07,329657
2017.06.05,377147
2017.06.02,386140
2017.06.01,454562
2017.05.31,427907
2017.05.30,576972
2017.05.29,603927
2017.05.26,547656
2017.05.25,296646
2017.05.24,234998
2017.05.23,387205
2017.05.22,352803
2017.05.19,342447
2017.05.18,295408
2017.05.17,493866
2017.05.16,704066
2017.05.15,289753
2017.05.12,419849
2017.05.11,324319
2017.05.10,537670
2017.05.08,377938
2017.05.04,292083
2017.05.02,240469
2017.04.28,327182
2017.04.27,538365
2017.04.26,714398
2017.04.25,391498
2017.04.24,767416
2017.04.21,494323
2017.04.20,561174
2017.04.19,348424
2017.04.18,427061
2017.04.17,141620
2017.04.14,106866
2017.04.13,204337
2017.04.12,166634
2017.04.11,179880
2017.04.10,174068
2017.04.07,126004
2017.04.06,123814
2017.04.05,200033
2017.04.04,114592
2017.04.03,200293
2017.03.31,235827
2017.03.30,188578
2017.03.29,182345
2017.03.28,409873
2017.03.27,114032
2017.03.24,207941
2017.03.23,217153
2017.03.22,270387
2017.03.21,173618
2017.03.20,186154
2017.03.17,207785
2017.03.16,323623
2017.03.15,222174
2017.03.14,279924
2017.03.13,128026
2017.03.10,159952
2017.03.09,226564
2017.03.08,117368
2017.03.07,191446
2017.03.06,243014
2017.03.03,221259
2017.03.02,299957
2017.02.28,260774
2017.02.27,266016
2017.02.24,809647
2017.02.23,256622
2017.02.22,142742
2017.02.21,86574
2017.02.20,144770
2017.02.17,92420
2017.02.16,170257
2017.02.15,152733
2017.02.14,133823
2017.02.13,128434
2017.02.10,184208
2017.02.09,136277
2017.02.08,155583
2017.02.07,124874
2017.02.06,166098
2017.02.03,212973
2017.02.02,231101
2017.02.01,138270
2017.01.31,131757
2017.01.26,105661
2017.01.25,160055
2017.01.24,393928
2017.01.23,175032
2017.01.20,180395
2017.01.19,146304
2017.01.18,159839
2017.01.17,203718
2017.01.16,154650
2017.01.13,173763
2017.01.12,253217
2017.01.11,277280
2017.01.10,397931
2017.01.09,235739
2017.01.06,139499
2017.01.05,262591
2017.01.04,435985
2017.01.03,547885
2017.01.02,207980
2016.12.29,145538
2016.12.28,230223
2016.12.27,185601
2016.12.26,183105
2016.12.23,110568
2016.12.22,158914
2016.12.21,103975
2016.12.20,120226
2016.12.19,150249
2016.12.16,174727
2016.12.15,155091
2016.12.14,163546
2016.12.13,226442
2016.12.12,121071
2016.12.09,150403
2016.12.08,239666
2016.12.07,96653
2016.12.06,211395
2016.12.05,168467
2016.12.02,192054
2016.12.01,235336
2016.11.30,159308
2016.11.29,116624
2016.11.28,77940
2016.11.25,118093
2016.11.24,184554
2016.11.23,147928
2016.11.22,110395
2016.11.21,159200
2016.11.18,441453
2016.11.17,336723
2016.11.16,229265
2016.11.15,278010
2016.11.14,329938
2016.11.11,311121
2016.11.10,328541
2016.11.09,479642
2016.11.08,202159
2016.11.07,198457
2016.11.04,183734
2016.11.03,231456
2016.11.02,417749
2016.11.01,568642
2016.10.31,222244
2016.10.28,158946
2016.10.27,219939
2016.10.26,339113
2016.10.25,385579
2016.10.24,386255
2016.10.21,352889
2016.10.20,464973
2016.10.19,905761
2016.10.18,185868
2016.10.17,219547
2016.10.14,141984
2016.10.13,139763
2016.10.12,165763
2016.10.11,196396
2016.10.10,176558
2016.10.07,134276
2016.10.06,165643
2016.10.05,109579
2016.10.04,166824
2016.09.30,178458
2016.09.29,150792
2016.09.28,182244
2016.09.27,128320
2016.09.26,117572
2016.09.23,118280
2016.09.22,150956
2016.09.21,94493
2016.09.20,166300
2016.09.19,173649
2016.09.13,226130
2016.09.12,151442
2016.09.09,133121
2016.09.08,207850
2016.09.07,131298
2016.09.06,177928
2016.09.05,108363
2016.09.02,105596
2016.09.01,158983
2016.08.31,209756
2016.08.30,227027
2016.08.29,220605
2016.08.26,249935
2016.08.25,168140
2016.08.24,109640
2016.08.23,252718
2016.08.22,168867
2016.08.19,379680
2016.08.18,230710
2016.08.17,290161
2016.08.16,265170
2016.08.12,275583
2016.08.11,294458
2016.08.10,483197
2016.08.09,384752
2016.08.08,254215
2016.08.05,295420
2016.08.04,211742
2016.08.03,289057
2016.08.02,242970
2016.08.01,344642
2016.07.29,282567
2016.07.28,171819
2016.07.27,161922
2016.07.26,121910
2016.07.25,196709
2016.07.22,210661
2016.07.21,154898
2016.07.20,179911
2016.07.19,209516
2016.07.18,141754
2016.07.15,232791
2016.07.14,452619
2016.07.13,216831
2016.07.12,282102
2016.07.11,282808
2016.07.08,158201
2016.07.07,190705
2016.07.06,215753
2016.07.05,213196
2016.07.04,293707
2016.07.01,311088
2016.06.30,265951
2016.06.29,249653
2016.06.28,195722
2016.06.27,207588
2016.06.24,526481
2016.06.23,948610
2016.06.22,263796
2016.06.21,266046
2016.06.20,159670
2016.06.17,243660
2016.06.16,242247
2016.06.15,520604
2016.06.14,228636
2016.06.13,304197
2016.06.10,307796
2016.06.09,357847
2016.06.08,380078
2016.06.07,384970
2016.06.03,242312
2016.06.02,226079
2016.06.01,308760
2016.05.31,390069
2016.05.30,357823
2016.05.27,299322
2016.05.26,288076
2016.05.25,366203
2016.05.24,270232
2016.05.23,187935
2016.05.20,227900
2016.05.19,309231
2016.05.18,387413
2016.05.17,233934
2016.05.16,244693
2016.05.13,539271
2016.05.12,349435
2016.05.11,472350
2016.05.10,377772
2016.05.09,238478
2016.05.04,446219
2016.05.03,177274
2016.05.02,299862
2016.04.29,321106
2016.04.28,303550
2016.04.27,244572
2016.04.26,302955
2016.04.25,270931
2016.04.22,273752
2016.04.21,824827
2016.04.20,436093
2016.04.19,934526
2016.04.18,213816
2016.04.15,332154
2016.04.14,729677
2016.04.12,225833
2016.04.11,198016
2016.04.08,216786
2016.04.07,374495
2016.04.06,301377
2016.04.05,266872
2016.04.04,189896
2016.04.01,250951
2016.03.31,284275
2016.03.30,184889
2016.03.29,176264
2016.03.28,152184
2016.03.25,134724
2016.03.24,125008
2016.03.23,201566
2016.03.22,242691
2016.03.21,195987
2016.03.18,249412
2016.03.17,266927
2016.03.16,265818
2016.03.15,309107
2016.03.14,152727
2016.03.11,219541
2016.03.10,400063
2016.03.09,193091
2016.03.08,301719
2016.03.07,248906
2016.03.04,209702
2016.03.03,237789
2016.03.02,367150
2016.02.29,304346
2016.02.26,425682
2016.02.25,705415
2016.02.24,189667
2016.02.23,214400
2016.02.22,182725
2016.02.19,206182
2016.02.18,201073
2016.02.17,211328
2016.02.16,142924
2016.02.15,132931
2016.02.12,304377
2016.02.11,117705
2016.02.05,139807
2016.02.04,257713
2016.02.03,250112
2016.02.02,151328
2016.02.01,139134
2016.01.29,260048
2016.01.28,338578
2016.01.27,157356
2016.01.26,114020
2016.01.25,197861
2016.01.22,281047
2016.01.21,300738
2016.01.20,301248
2016.01.19,571214
2016.01.18,255284
2016.01.15,633346
2016.01.14,312990
2016.01.13,227951
2016.01.12,178618
2016.01.11,305433
2016.01.08,254172
2016.01.07,155764
2016.01.06,416847
2016.01.05,188530
2016.01.04,280607
2015.12.30,238017
2015.12.29,151021
2015.12.28,156811
2015.12.24,148308
2015.12.23,159649
2015.12.22,199737
2015.12.21,221667
2015.12.18,358540
2015.12.17,445725
2015.12.16,274116
2015.12.15,166123
2015.12.14,134663
2015.12.11,280550
2015.12.10,413679
2015.12.09,160489
2015.12.08,169936
2015.12.07,287764
2015.12.04,250780
2015.12.03,171461
2015.12.02,280229
2015.12.01,317086
2015.11.30,317684
2015.11.27,183713
2015.11.26,328200
2015.11.25,427112
2015.11.24,227603
2015.11.23,285070
2015.11.20,252605
2015.11.19,185349
2015.11.18,364095
2015.11.17,328516
2015.11.16,332972
2015.11.13,106850
2015.11.12,134727
2015.11.11,158538
2015.11.10,328079
2015.11.09,184482
2015.11.06,130574
2015.11.05,101645
2015.11.04,216232
2015.11.03,280416
2015.11.02,256907
2015.10.30,258644
2015.10.29,414198
2015.10.28,258174
2015.10.27,287594
2015.10.26,319892
2015.10.23,241938
2015.10.22,325951
2015.10.21,209313
2015.10.20,251327
2015.10.19,204045
2015.10.16,201598
2015.10.15,187730
2015.10.14,294896
2015.10.13,233270
2015.10.12,262416
2015.10.08,483550
2015.10.07,162219
2015.10.06,192086
2015.10.05,176586
2015.10.02,331741
2015.10.01,205013
2015.09.30,272848
2015.09.25,167655
2015.09.24,138118
2015.09.23,227240
2015.09.22,147866
2015.09.21,192356
2015.09.18,243130
2015.09.17,257664
2015.09.16,271345
2015.09.15,167628
2015.09.14,197067
2015.09.11,145924
2015.09.10,235856
2015.09.09,285375
2015.09.08,277246
2015.09.07,145048
2015.09.04,160401
2015.09.03,221424
2015.09.02,336542
2015.09.01,205004
2015.08.31,300244
2015.08.28,345111
2015.08.27,272756
2015.08.26,243049
2015.08.25,298594
2015.08.24,294405
2015.08.21,405323
2015.08.20,249534
2015.08.19,270349
2015.08.18,244333
2015.08.17,293268
2015.08.13,245261
2015.08.12,448172
2015.08.11,234816
2015.08.10,319975
2015.08.07,556836
2015.08.06,225509
2015.08.05,138683
2015.08.04,222478
2015.08.03,230872
2015.07.31,451170
2015.07.30,293671
2015.07.29,331203
2015.07.28,445664
2015.07.27,126271
2015.07.24,221691
2015.07.23,211777
2015.07.22,297736
2015.07.21,277968
2015.07.20,316655
2015.07.17,191208
2015.07.16,222101
2015.07.15,328701
2015.07.14,530488
2015.07.13,1091155
2015.07.10,482920
2015.07.09,483467
2015.07.08,345246
2015.07.07,297988
2015.07.06,257755
2015.07.03,279662
2015.07.02,271135
2015.07.01,542808
2015.06.30,439630
2015.06.29,393395
2015.06.26,391441
2015.06.25,381503
2015.06.24,329068
2015.06.23,199046
2015.06.22,364930
2015.06.19,386381
2015.06.18,399895
2015.06.17,203970
2015.06.16,216604
2015.06.15,182913
2015.06.12,198571
2015.06.11,193911
2015.06.10,195735
2015.06.09,331883
2015.06.08,289254
2015.06.05,222176
2015.06.04,214474
2015.06.03,265090
2015.06.02,294306
2015.06.01,267681
2015.05.29,233584
2015.05.28,178847
2015.05.27,291196
2015.05.26,293168
2015.05.22,427682
2015.05.21,346493
2015.05.20,217087
2015.05.19,434898
2015.05.18,329654
2015.05.15,198504
2015.05.14,107529
2015.05.13,106200
2015.05.12,251157
2015.05.11,244713
2015.05.08,126812
2015.05.07,270253
2015.05.06,229935
2015.05.04,94678
2015.04.30,217445
2015.04.29,293167
2015.04.28,154861
2015.04.27,190508
2015.04.24,331127
2015.04.23,356353
2015.04.22,312955
2015.04.21,501519
2015.04.20,535866
2015.04.17,284815
2015.04.16,299999
2015.04.15,351952
2015.04.14,314407
2015.04.13,485688
2015.04.10,181121
2015.04.09,293530
2015.04.08,484617
2015.04.07,402723
2015.04.06,446800
2015.04.03,172455
2015.04.02,280819
2015.04.01,373104
2015.03.31,220932
2015.03.30,272858
2015.03.27,238926
2015.03.26,209961
2015.03.25,282515
2015.03.24,529214
2015.03.23,425482
2015.03.20,390270
2015.03.19,211299
2015.03.18,169749
2015.03.17,288387
2015.03.16,340070
2015.03.13,261255
2015.03.12,410085
2015.03.11,308255
2015.03.10,285814
2015.03.09,215492
2015.03.06,789566
2015.03.05,204338
2015.03.04,201840
2015.03.03,302129
2015.03.02,558053
2015.02.27,412231
2015.02.26,884106
2015.02.25,225655
2015.02.24,339626
2015.02.23,252555
2015.02.17,191570
2015.02.16,143843
2015.02.13,190377
2015.02.12,223981
2015.02.11,222655
2015.02.10,220209
2015.02.09,215291
2015.02.06,347339
2015.02.05,312664
2015.02.04,281363
2015.02.03,292031
2015.02.02,228504
2015.01.30,314551
2015.01.29,447581
2015.01.28,204230
2015.01.27,534200
2015.01.26,86664
2015.01.23,229998
2015.01.22,227995
2015.01.21,321272
2015.01.20,152275
2015.01.19,254864
2015.01.16,168690
2015.01.15,333701
2015.01.14,111984
2015.01.13,167077
2015.01.12,220008
2015.01.09,156316
2015.01.08,156524
2015.01.07,118159
2015.01.06,182253
2015.01.05,214547
2015.01.02,158193
